"Average price of unleaded petrol (91 octane) and diesel, cents per litre"
,"Daily average price of diesel (Cents per litre)","Quarterly average price of diesel (Cents per litre)","Daily average price of ULP (Cents per litre)","Quarterly average price of ULP (Cents per litre)"
"Mar-20","151.75","147.77","143.47","139.40"
"Mar-20","151.78","147.77","142.05","139.40"
"Mar-20","151.90","147.77","143.51","139.40"
"Mar-20","151.78","147.77","144.10","139.40"
"Mar-20","151.97","147.77","143.14","139.40"
"Mar-20","151.95","147.77","142.35","139.40"
"Mar-20","152.05","147.77","147.04","139.40"
"Mar-20","152.02","147.77","148.26","139.40"
"Mar-20","151.95","147.77","148.76","139.40"
"Mar-20","151.81","147.77","150.68","139.40"
"Mar-20","151.66","147.77","151.82","139.40"
"Mar-20","151.64","147.77","152.58","139.40"
"Mar-20","151.76","147.77","153.56","139.40"
"Mar-20","151.72","147.77","160.44","139.40"
"Mar-20","151.74","147.77","160.93","139.40"
"Mar-20","151.64","147.77","159.34","139.40"
"Mar-20","151.55","147.77","156.06","139.40"
"Mar-20","151.36","147.77","152.74","139.40"
"Mar-20","151.34","147.77","152.96","139.40"
"Mar-20","151.48","147.77","153.27","139.40"
"Mar-20","151.33","147.77","156.21","139.40"
"Mar-20","151.34","147.77","154.07","139.40"
"Mar-20","151.07","147.77","150.76","139.40"
"Mar-20","150.97","147.77","147.86","139.40"
"Mar-20","150.80","147.77","145.34","139.40"
"Mar-20","150.65","147.77","143.34","139.40"
"Mar-20","150.76","147.77","140.93","139.40"
"Mar-20","150.78","147.77","143.97","139.40"
"Mar-20","150.81","147.77","142.05","139.40"
"Mar-20","150.84","147.77","139.27","139.40"
"Mar-20","150.28","147.77","136.99","139.40"
"Mar-20","150.45","147.77","134.75","139.40"
"Mar-20","150.46","147.77","133.32","139.40"
"Mar-20","150.39","147.77","133.58","139.40"
"Mar-20","150.31","147.77","137.42","139.40"
"Mar-20","150.37","147.77","140.03","139.40"
"Mar-20","150.19","147.77","141.00","139.40"
"Mar-20","150.05","147.77","140.75","139.40"
"Mar-20","149.92","147.77","139.68","139.40"
"Mar-20","149.87","147.77","139.14","139.40"
"Mar-20","149.72","147.77","140.80","139.40"
"Mar-20","149.72","147.77","148.04","139.40"
"Mar-20","149.74","147.77","155.00","139.40"
"Mar-20","149.56","147.77","155.72","139.40"
"Mar-20","149.48","147.77","154.90","139.40"
"Mar-20","149.52","147.77","151.05","139.40"
"Mar-20","149.57","147.77","149.19","139.40"
"Mar-20","149.51","147.77","148.68","139.40"
"Mar-20","149.43","147.77","149.08","139.40"
"Mar-20","149.27","147.77","148.64","139.40"
"Mar-20","149.05","147.77","148.03","139.40"
"Mar-20","148.96","147.77","146.74","139.40"
"Mar-20","148.92","147.77","143.23","139.40"
"Mar-20","148.75","147.77","141.40","139.40"
"Mar-20","148.89","147.77","139.24","139.40"
"Mar-20","148.68","147.77","138.32","139.40"
"Mar-20","148.70","147.77","138.32","139.40"
"Mar-20","148.37","147.77","135.79","139.40"
"Mar-20","148.20","147.77","133.38","139.40"
"Mar-20","148.05","147.77","132.29","139.40"
"Mar-20","148.04","147.77","130.19","139.40"
"Mar-20","147.88","147.77","129.13","139.40"
"Mar-20","147.65","147.77","129.85","139.40"
"Mar-20","147.44","147.77","130.99","139.40"
"Mar-20","147.12","147.77","130.00","139.40"
"Mar-20","146.77","147.77","128.24","139.40"
"Mar-20","146.52","147.77","126.84","139.40"
"Mar-20","146.52","147.77","125.77","139.40"
"Mar-20","146.45","147.77","124.51","139.40"
"Mar-20","146.12","147.77","125.58","139.40"
"Mar-20","145.68","147.77","127.66","139.40"
"Mar-20","145.32","147.77","128.62","139.40"
"Mar-20","144.64","147.77","126.80","139.40"
"Mar-20","144.26","147.77","126.52","139.40"
"Mar-20","143.96","147.77","125.80","139.40"
"Mar-20","143.36","147.77","124.13","139.40"
"Mar-20","142.20","147.77","126.83","139.40"
"Mar-20","141.49","147.77","130.21","139.40"
"Mar-20","140.97","147.77","129.75","139.40"
"Mar-20","140.27","147.77","130.71","139.40"
"Mar-20","139.96","147.77","129.01","139.40"
"Mar-20","140.06","147.77","128.60","139.40"
"Mar-20","139.40","147.77","128.67","139.40"
"Mar-20","138.61","147.77","129.49","139.40"
"Mar-20","138.22","147.77","128.72","139.40"
"Mar-20","137.61","147.77","126.57","139.40"
"Mar-20","136.94","147.77","124.31","139.40"
"Mar-20","136.89","147.77","120.56","139.40"
"Mar-20","136.95","147.77","119.09","139.40"
"Mar-20","136.01","147.77","120.37","139.40"
"Mar-20","135.35","147.77","126.52","139.40"
"Jun-20","134.95","123.37","120.09","110.49"
"Jun-20","134.52","123.37","119.78","110.49"
"Jun-20","133.97","123.37","119.32","110.49"
"Jun-20","133.86","123.37","116.25","110.49"
"Jun-20","133.82","123.37","114.25","110.49"
"Jun-20","133.02","123.37","112.68","110.49"
"Jun-20","132.56","123.37","112.09","110.49"
"Jun-20","132.28","123.37","115.44","110.49"
"Jun-20","131.59","123.37","113.45","110.49"
"Jun-20","131.78","123.37","109.81","110.49"
"Jun-20","131.83","123.37","107.68","110.49"
"Jun-20","131.73","123.37","104.83","110.49"
"Jun-20","131.47","123.37","102.60","110.49"
"Jun-20","130.84","123.37","102.49","110.49"
"Jun-20","130.46","123.37","106.21","110.49"
"Jun-20","129.79","123.37","106.20","110.49"
"Jun-20","129.26","123.37","105.35","110.49"
"Jun-20","128.94","123.37","103.15","110.49"
"Jun-20","128.92","123.37","101.26","110.49"
"Jun-20","128.34","123.37","99.81","110.49"
"Jun-20","127.71","123.37","97.92","110.49"
"Jun-20","127.19","123.37","102.46","110.49"
"Jun-20","126.62","123.37","100.48","110.49"
"Jun-20","126.03","123.37","97.40","110.49"
"Jun-20","125.82","123.37","95.20","110.49"
"Jun-20","125.50","123.37","93.60","110.49"
"Jun-20","124.92","123.37","92.46","110.49"
"Jun-20","124.39","123.37","92.30","110.49"
"Jun-20","124.03","123.37","99.76","110.49"
"Jun-20","123.44","123.37","100.14","110.49"
"Jun-20","122.91","123.37","100.92","110.49"
"Jun-20","122.76","123.37","99.41","110.49"
"Jun-20","122.92","123.37","97.79","110.49"
"Jun-20","122.49","123.37","96.20","110.49"
"Jun-20","121.97","123.37","96.84","110.49"
"Jun-20","121.77","123.37","104.13","110.49"
"Jun-20","121.56","123.37","105.24","110.49"
"Jun-20","121.32","123.37","104.70","110.49"
"Jun-20","121.26","123.37","103.87","110.49"
"Jun-20","121.46","123.37","106.28","110.49"
"Jun-20","121.24","123.37","107.45","110.49"
"Jun-20","120.98","123.37","108.53","110.49"
"Jun-20","120.93","123.37","115.18","110.49"
"Jun-20","120.96","123.37","115.28","110.49"
"Jun-20","120.79","123.37","113.44","110.49"
"Jun-20","120.60","123.37","111.11","110.49"
"Jun-20","120.57","123.37","109.38","110.49"
"Jun-20","120.21","123.37","108.72","110.49"
"Jun-20","120.16","123.37","107.36","110.49"
"Jun-20","120.21","123.37","112.29","110.49"
"Jun-20","120.01","123.37","110.92","110.49"
"Jun-20","119.90","123.37","108.91","110.49"
"Jun-20","119.99","123.37","108.18","110.49"
"Jun-20","119.94","123.37","109.05","110.49"
"Jun-20","119.55","123.37","108.43","110.49"
"Jun-20","119.50","123.37","107.38","110.49"
"Jun-20","119.49","123.37","112.49","110.49"
"Jun-20","119.39","123.37","110.94","110.49"
"Jun-20","119.31","123.37","109.06","110.49"
"Jun-20","119.63","123.37","108.05","110.49"
"Jun-20","119.52","123.37","106.64","110.49"
"Jun-20","119.17","123.37","106.22","110.49"
"Jun-20","119.14","123.37","105.39","110.49"
"Jun-20","119.13","123.37","111.61","110.49"
"Jun-20","119.20","123.37","112.48","110.49"
"Jun-20","119.25","123.37","112.47","110.49"
"Jun-20","119.43","123.37","112.60","110.49"
"Jun-20","119.24","123.37","116.41","110.49"
"Jun-20","119.14","123.37","117.87","110.49"
"Jun-20","119.15","123.37","119.12","110.49"
"Jun-20","119.55","123.37","127.78","110.49"
"Jun-20","119.80","123.37","127.46","110.49"
"Jun-20","119.71","123.37","126.33","110.49"
"Jun-20","119.88","123.37","124.18","110.49"
"Jun-20","120.09","123.37","122.12","110.49"
"Jun-20","119.79","123.37","120.49","110.49"
"Jun-20","119.61","123.37","119.21","110.49"
"Jun-20","119.63","123.37","124.31","110.49"
"Jun-20","119.54","123.37","122.80","110.49"
"Jun-20","119.85","123.37","120.70","110.49"
"Jun-20","119.94","123.37","121.71","110.49"
"Jun-20","119.94","123.37","120.99","110.49"
"Jun-20","119.72","123.37","119.27","110.49"
"Jun-20","119.95","123.37","118.15","110.49"
"Jun-20","120.23","123.37","123.71","110.49"
"Jun-20","120.35","123.37","122.64","110.49"
"Jun-20","120.61","123.37","120.71","110.49"
"Jun-20","120.68","123.37","119.04","110.49"
"Jun-20","120.79","123.37","117.69","110.49"
"Jun-20","120.77","123.37","116.77","110.49"
"Jun-20","120.32","123.37","115.91","110.49"
"Sep-20","120.45","120.90","123.48","123.34"
"Sep-20","120.61","120.90","123.93","123.34"
"Sep-20","120.58","120.90","122.87","123.34"
"Sep-20","120.87","120.90","122.36","123.34"
"Sep-20","120.89","120.90","122.51","123.34"
"Sep-20","120.61","120.90","122.66","123.34"
"Sep-20","120.59","120.90","121.94","123.34"
"Sep-20","120.63","120.90","126.26","123.34"
"Sep-20","120.78","120.90","126.58","123.34"
"Sep-20","120.87","120.90","123.87","123.34"
"Sep-20","121.16","120.90","121.52","123.34"
"Sep-20","121.15","120.90","120.32","123.34"
"Sep-20","121.00","120.90","119.62","123.34"
"Sep-20","120.91","120.90","118.92","123.34"
"Sep-20","120.94","120.90","125.28","123.34"
"Sep-20","121.10","120.90","124.42","123.34"
"Sep-20","121.23","120.90","125.59","123.34"
"Sep-20","121.35","120.90","125.73","123.34"
"Sep-20","121.40","120.90","126.40","123.34"
"Sep-20","121.21","120.90","126.10","123.34"
"Sep-20","121.13","120.90","124.86","123.34"
"Sep-20","121.22","120.90","129.73","123.34"
"Sep-20","121.31","120.90","127.69","123.34"
"Sep-20","121.45","120.90","125.19","123.34"
"Sep-20","121.41","120.90","123.31","123.34"
"Sep-20","121.47","120.90","121.75","123.34"
"Sep-20","121.27","120.90","119.97","123.34"
"Sep-20","121.26","120.90","119.95","123.34"
"Sep-20","121.30","120.90","128.73","123.34"
"Sep-20","121.27","120.90","130.58","123.34"
"Sep-20","121.16","120.90","129.55","123.34"
"Sep-20","121.42","120.90","128.81","123.34"
"Sep-20","121.33","120.90","128.31","123.34"
"Sep-20","121.39","120.90","127.96","123.34"
"Sep-20","121.24","120.90","126.34","123.34"
"Sep-20","121.29","120.90","132.11","123.34"
"Sep-20","121.25","120.90","129.77","123.34"
"Sep-20","121.47","120.90","126.06","123.34"
"Sep-20","121.47","120.90","122.21","123.34"
"Sep-20","121.40","120.90","120.31","123.34"
"Sep-20","121.39","120.90","119.28","123.34"
"Sep-20","121.31","120.90","117.28","123.34"
"Sep-20","121.28","120.90","123.50","123.34"
"Sep-20","121.27","120.90","123.35","123.34"
"Sep-20","121.39","120.90","120.70","123.34"
"Sep-20","121.20","120.90","119.01","123.34"
"Sep-20","121.29","120.90","118.73","123.34"
"Sep-20","121.14","120.90","117.28","123.34"
"Sep-20","121.12","120.90","115.35","123.34"
"Sep-20","121.08","120.90","121.22","123.34"
"Sep-20","121.07","120.90","120.19","123.34"
"Sep-20","121.09","120.90","118.03","123.34"
"Sep-20","121.10","120.90","116.83","123.34"
"Sep-20","121.10","120.90","115.25","123.34"
"Sep-20","120.96","120.90","115.36","123.34"
"Sep-20","120.89","120.90","115.98","123.34"
"Sep-20","120.96","120.90","125.51","123.34"
"Sep-20","120.99","120.90","126.81","123.34"
"Sep-20","121.00","120.90","127.16","123.34"
"Sep-20","121.05","120.90","129.73","123.34"
"Sep-20","121.12","120.90","131.96","123.34"
"Sep-20","120.62","120.90","133.82","123.34"
"Sep-20","121.00","120.90","132.61","123.34"
"Sep-20","121.01","120.90","138.98","123.34"
"Sep-20","121.04","120.90","136.67","123.34"
"Sep-20","121.05","120.90","132.70","123.34"
"Sep-20","120.92","120.90","129.34","123.34"
"Sep-20","120.95","120.90","127.16","123.34"
"Sep-20","120.84","120.90","125.54","123.34"
"Sep-20","120.76","120.90","123.99","123.34"
"Sep-20","120.84","120.90","129.70","123.34"
"Sep-20","120.72","120.90","127.53","123.34"
"Sep-20","120.69","120.90","124.41","123.34"
"Sep-20","120.59","120.90","122.90","123.34"
"Sep-20","120.59","120.90","122.11","123.34"
"Sep-20","120.61","120.90","122.45","123.34"
"Sep-20","120.47","120.90","121.90","123.34"
"Sep-20","120.42","120.90","127.70","123.34"
"Sep-20","120.48","120.90","125.14","123.34"
"Sep-20","120.30","120.90","121.73","123.34"
"Sep-20","120.32","120.90","118.45","123.34"
"Sep-20","120.25","120.90","116.03","123.34"
"Sep-20","120.29","120.90","113.89","123.34"
"Sep-20","120.12","120.90","112.46","123.34"
"Sep-20","119.95","120.90","118.99","123.34"
"Sep-20","120.00","120.90","117.13","123.34"
"Sep-20","119.98","120.90","114.71","123.34"
"Sep-20","119.88","120.90","113.61","123.34"
"Sep-20","120.08","120.90","114.84","123.34"
"Sep-20","119.78","120.90","114.33","123.34"
"Sep-20","119.82","120.90","113.86","123.34"
"Sep-20","119.88","120.90","120.61","123.34"
"Dec-20","120.07","119.83","121.94","123.17"
"Dec-20","120.03","119.83","119.99","123.17"
"Dec-20","119.93","119.83","117.63","123.17"
"Dec-20","120.22","119.83","116.02","123.17"
"Dec-20","120.41","119.83","114.17","123.17"
"Dec-20","119.84","119.83","115.26","123.17"
"Dec-20","119.77","119.83","122.57","123.17"
"Dec-20","119.72","119.83","122.48","123.17"
"Dec-20","119.55","119.83","120.71","123.17"
"Dec-20","119.74","119.83","117.84","123.17"
"Dec-20","119.77","119.83","117.50","123.17"
"Dec-20","119.48","119.83","118.85","123.17"
"Dec-20","119.63","119.83","118.37","123.17"
"Dec-20","119.46","119.83","126.17","123.17"
"Dec-20","119.64","119.83","124.92","123.17"
"Dec-20","119.64","119.83","123.04","123.17"
"Dec-20","119.64","119.83","120.14","123.17"
"Dec-20","119.81","119.83","121.87","123.17"
"Dec-20","119.60","119.83","123.30","123.17"
"Dec-20","119.47","119.83","122.97","123.17"
"Dec-20","119.49","119.83","131.65","123.17"
"Dec-20","119.31","119.83","131.43","123.17"
"Dec-20","119.42","119.83","127.37","123.17"
"Dec-20","119.76","119.83","124.78","123.17"
"Dec-20","119.57","119.83","123.11","123.17"
"Dec-20","119.50","119.83","121.75","123.17"
"Dec-20","119.50","119.83","119.18","123.17"
"Dec-20","119.33","119.83","125.86","123.17"
"Dec-20","119.42","119.83","124.01","123.17"
"Dec-20","119.27","119.83","120.98","123.17"
"Dec-20","119.07","119.83","119.57","123.17"
"Dec-20","119.47","119.83","116.62","123.17"
"Dec-20","119.48","119.83","114.70","123.17"
"Dec-20","119.38","119.83","112.18","123.17"
"Dec-20","119.40","119.83","120.39","123.17"
"Dec-20","119.30","119.83","118.89","123.17"
"Dec-20","119.39","119.83","117.06","123.17"
"Dec-20","119.26","119.83","115.65","123.17"
"Dec-20","119.40","119.83","114.90","123.17"
"Dec-20","119.26","119.83","115.01","123.17"
"Dec-20","119.12","119.83","116.47","123.17"
"Dec-20","119.22","119.83","125.17","123.17"
"Dec-20","119.11","119.83","126.12","123.17"
"Dec-20","118.99","119.83","124.32","123.17"
"Dec-20","118.99","119.83","121.56","123.17"
"Dec-20","119.17","119.83","120.69","123.17"
"Dec-20","118.97","119.83","120.57","123.17"
"Dec-20","118.86","119.83","121.64","123.17"
"Dec-20","118.87","119.83","129.07","123.17"
"Dec-20","119.13","119.83","129.17","123.17"
"Dec-20","119.14","119.83","127.51","123.17"
"Dec-20","119.15","119.83","123.68","123.17"
"Dec-20","119.10","119.83","122.14","123.17"
"Dec-20","118.85","119.83","121.20","123.17"
"Dec-20","118.80","119.83","119.69","123.17"
"Dec-20","118.82","119.83","124.75","123.17"
"Dec-20","119.06","119.83","122.62","123.17"
"Dec-20","119.18","119.83","119.97","123.17"
"Dec-20","119.25","119.83","116.95","123.17"
"Dec-20","119.31","119.83","120.33","123.17"
"Dec-20","119.10","119.83","120.29","123.17"
"Dec-20","119.37","119.83","119.20","123.17"
"Dec-20","119.61","119.83","125.02","123.17"
"Dec-20","119.87","119.83","123.48","123.17"
"Dec-20","119.91","119.83","122.09","123.17"
"Dec-20","119.86","119.83","120.39","123.17"
"Dec-20","120.23","119.83","119.44","123.17"
"Dec-20","120.19","119.83","119.59","123.17"
"Dec-20","120.46","119.83","119.57","123.17"
"Dec-20","120.51","119.83","127.08","123.17"
"Dec-20","120.55","119.83","125.92","123.17"
"Dec-20","120.67","119.83","126.70","123.17"
"Dec-20","120.73","119.83","125.59","123.17"
"Dec-20","120.58","119.83","127.90","123.17"
"Dec-20","120.76","119.83","127.78","123.17"
"Dec-20","120.85","119.83","127.66","123.17"
"Dec-20","120.92","119.83","136.20","123.17"
"Dec-20","120.92","119.83","134.82","123.17"
"Dec-20","121.01","119.83","133.39","123.17"
"Dec-20","121.00","119.83","131.18","123.17"
"Dec-20","121.14","119.83","130.61","123.17"
"Dec-20","121.03","119.83","131.14","123.17"
"Dec-20","121.03","119.83","129.12","123.17"
"Dec-20","121.02","119.83","135.81","123.17"
"Dec-20","121.19","119.83","133.32","123.17"
"Dec-20","121.08","119.83","129.57","123.17"
"Dec-20","121.25","119.83","126.49","123.17"
"Dec-20","121.17","119.83","125.03","123.17"
"Dec-20","121.04","119.83","124.33","123.17"
"Dec-20","120.98","119.83","122.62","123.17"
"Dec-20","121.14","119.83","128.67","123.17"
"Dec-20","121.05","119.83","126.93","123.17"
"Mar-21","121.34","129.55","124.05","134.65"
"Mar-21","121.35","129.55","121.99","134.65"
"Mar-21","121.41","129.55","121.91","134.65"
"Mar-21","121.31","129.55","121.02","134.65"
"Mar-21","121.45","129.55","119.77","134.65"
"Mar-21","121.81","129.55","126.27","134.65"
"Mar-21","121.90","129.55","124.62","134.65"
"Mar-21","121.91","129.55","121.81","134.65"
"Mar-21","122.12","129.55","118.93","134.65"
"Mar-21","122.32","129.55","116.93","134.65"
"Mar-21","122.09","129.55","115.33","134.65"
"Mar-21","122.17","129.55","114.65","134.65"
"Mar-21","122.34","129.55","122.98","134.65"
"Mar-21","122.56","129.55","123.21","134.65"
"Mar-21","122.71","129.55","122.80","134.65"
"Mar-21","123.15","129.55","121.92","134.65"
"Mar-21","123.27","129.55","124.08","134.65"
"Mar-21","123.28","129.55","126.91","134.65"
"Mar-21","123.52","129.55","130.31","134.65"
"Mar-21","124.22","129.55","143.78","134.65"
"Mar-21","124.39","129.55","145.93","134.65"
"Mar-21","124.64","129.55","144.05","134.65"
"Mar-21","124.71","129.55","140.15","134.65"
"Mar-21","124.71","129.55","138.55","134.65"
"Mar-21","124.82","129.55","138.38","134.65"
"Mar-21","124.97","129.55","134.67","134.65"
"Mar-21","125.07","129.55","142.97","134.65"
"Mar-21","125.13","129.55","140.19","134.65"
"Mar-21","125.63","129.55","136.35","134.65"
"Mar-21","125.74","129.55","133.46","134.65"
"Mar-21","125.28","129.55","133.08","134.65"
"Mar-21","126.06","129.55","134.81","134.65"
"Mar-21","126.40","129.55","133.30","134.65"
"Mar-21","126.64","129.55","138.63","134.65"
"Mar-21","126.71","129.55","136.33","134.65"
"Mar-21","127.13","129.55","133.76","134.65"
"Mar-21","127.34","129.55","130.69","134.65"
"Mar-21","127.28","129.55","128.64","134.65"
"Mar-21","127.50","129.55","126.19","134.65"
"Mar-21","128.10","129.55","124.86","134.65"
"Mar-21","128.52","129.55","131.19","134.65"
"Mar-21","129.12","129.55","130.98","134.65"
"Mar-21","129.44","129.55","129.67","134.65"
"Mar-21","129.44","129.55","128.05","134.65"
"Mar-21","129.67","129.55","128.99","134.65"
"Mar-21","130.10","129.55","129.18","134.65"
"Mar-21","130.51","129.55","128.79","134.65"
"Mar-21","130.90","129.55","140.03","134.65"
"Mar-21","131.23","129.55","137.74","134.65"
"Mar-21","131.58","129.55","136.10","134.65"
"Mar-21","131.56","129.55","133.23","134.65"
"Mar-21","131.62","129.55","132.06","134.65"
"Mar-21","131.97","129.55","133.44","134.65"
"Mar-21","132.24","129.55","133.28","134.65"
"Mar-21","132.57","129.55","140.37","134.65"
"Mar-21","133.03","129.55","139.26","134.65"
"Mar-21","133.43","129.55","137.11","134.65"
"Mar-21","133.41","129.55","134.67","134.65"
"Mar-21","132.54","129.55","134.37","134.65"
"Mar-21","133.67","129.55","138.30","134.65"
"Mar-21","133.69","129.55","139.88","134.65"
"Mar-21","133.94","129.55","152.01","134.65"
"Mar-21","134.04","129.55","150.21","134.65"
"Mar-21","134.17","129.55","147.86","134.65"
"Mar-21","134.18","129.55","145.24","134.65"
"Mar-21","134.24","129.55","143.43","134.65"
"Mar-21","134.47","129.55","140.28","134.65"
"Mar-21","134.47","129.55","139.47","134.65"
"Mar-21","134.76","129.55","147.05","134.65"
"Mar-21","135.08","129.55","144.28","134.65"
"Mar-21","135.22","129.55","141.38","134.65"
"Mar-21","135.33","129.55","139.04","134.65"
"Mar-21","135.40","129.55","139.73","134.65"
"Mar-21","135.68","129.55","138.24","134.65"
"Mar-21","135.89","129.55","137.56","134.65"
"Mar-21","136.00","129.55","146.58","134.65"
"Mar-21","136.23","129.55","144.61","134.65"
"Mar-21","136.33","129.55","142.07","134.65"
"Mar-21","136.29","129.55","138.98","134.65"
"Mar-21","136.46","129.55","137.08","134.65"
"Mar-21","136.50","129.55","135.86","134.65"
"Mar-21","136.58","129.55","134.97","134.65"
"Mar-21","136.73","129.55","143.23","134.65"
"Mar-21","136.80","129.55","142.47","134.65"
"Mar-21","136.86","129.55","140.59","134.65"
"Mar-21","136.69","129.55","138.46","134.65"
"Mar-21","136.68","129.55","138.92","134.65"
"Mar-21","136.79","129.55","140.50","134.65"
"Mar-21","136.85","129.55","140.49","134.65"
"Mar-21","135.86","129.55","152.74","134.65"
"Jun-21","136.82","138.11","152.77","143.59"
"Jun-21","136.85","138.11","152.09","143.59"
"Jun-21","136.63","138.11","150.28","143.59"
"Jun-21","136.55","138.11","148.09","143.59"
"Jun-21","136.88","138.11","146.88","143.59"
"Jun-21","136.74","138.11","145.64","143.59"
"Jun-21","136.99","138.11","152.89","143.59"
"Jun-21","136.87","138.11","151.64","143.59"
"Jun-21","136.89","138.11","149.68","143.59"
"Jun-21","136.76","138.11","147.52","143.59"
"Jun-21","136.77","138.11","146.02","143.59"
"Jun-21","136.95","138.11","145.23","143.59"
"Jun-21","136.94","138.11","143.01","143.59"
"Jun-21","136.69","138.11","149.20","143.59"
"Jun-21","136.66","138.11","145.88","143.59"
"Jun-21","136.48","138.11","143.44","143.59"
"Jun-21","136.29","138.11","140.61","143.59"
"Jun-21","136.11","138.11","139.77","143.59"
"Jun-21","136.32","138.11","138.65","143.59"
"Jun-21","136.34","138.11","136.73","143.59"
"Jun-21","136.33","138.11","143.31","143.59"
"Jun-21","136.31","138.11","141.38","143.59"
"Jun-21","136.33","138.11","139.83","143.59"
"Jun-21","136.19","138.11","137.87","143.59"
"Jun-21","135.79","138.11","138.18","143.59"
"Jun-21","136.26","138.11","136.77","143.59"
"Jun-21","136.22","138.11","136.25","143.59"
"Jun-21","136.22","138.11","142.99","143.59"
"Jun-21","136.28","138.11","141.75","143.59"
"Jun-21","135.21","138.11","140.66","143.59"
"Jun-21","135.92","138.11","138.01","143.59"
"Jun-21","136.00","138.11","137.67","143.59"
"Jun-21","135.98","138.11","139.11","143.59"
"Jun-21","136.06","138.11","140.86","143.59"
"Jun-21","136.12","138.11","147.93","143.59"
"Jun-21","136.05","138.11","148.97","143.59"
"Jun-21","136.07","138.11","147.31","143.59"
"Jun-21","136.13","138.11","143.14","143.59"
"Jun-21","136.11","138.11","142.23","143.59"
"Jun-21","136.38","138.11","142.47","143.59"
"Jun-21","136.51","138.11","144.56","143.59"
"Jun-21","136.81","138.11","150.51","143.59"
"Jun-21","137.13","138.11","148.79","143.59"
"Jun-21","137.14","138.11","146.56","143.59"
"Jun-21","136.70","138.11","144.04","143.59"
"Jun-21","136.91","138.11","145.28","143.59"
"Jun-21","137.16","138.11","144.36","143.59"
"Jun-21","137.18","138.11","143.58","143.59"
"Jun-21","137.23","138.11","149.83","143.59"
"Jun-21","137.31","138.11","148.13","143.59"
"Jun-21","137.45","138.11","144.78","143.59"
"Jun-21","137.65","138.11","141.62","143.59"
"Jun-21","137.78","138.11","140.28","143.59"
"Jun-21","138.05","138.11","138.67","143.59"
"Jun-21","138.19","138.11","137.47","143.59"
"Jun-21","138.24","138.11","144.56","143.59"
"Jun-21","138.39","138.11","142.93","143.59"
"Jun-21","138.42","138.11","140.86","143.59"
"Jun-21","138.53","138.11","138.34","143.59"
"Jun-21","138.46","138.11","138.48","143.59"
"Jun-21","138.06","138.11","139.07","143.59"
"Jun-21","138.82","138.11","138.63","143.59"
"Jun-21","138.97","138.11","148.28","143.59"
"Jun-21","138.94","138.11","146.88","143.59"
"Jun-21","139.00","138.11","145.12","143.59"
"Jun-21","139.03","138.11","141.87","143.59"
"Jun-21","139.18","138.11","141.37","143.59"
"Jun-21","139.43","138.11","141.80","143.59"
"Jun-21","139.48","138.11","141.23","143.59"
"Jun-21","139.59","138.11","149.76","143.59"
"Jun-21","139.78","138.11","147.83","143.59"
"Jun-21","139.78","138.11","144.01","143.59"
"Jun-21","139.92","138.11","140.15","143.59"
"Jun-21","139.73","138.11","138.70","143.59"
"Jun-21","140.04","138.11","138.86","143.59"
"Jun-21","140.31","138.11","137.50","143.59"
"Jun-21","140.51","138.11","145.33","143.59"
"Jun-21","140.66","138.11","142.81","143.59"
"Jun-21","140.98","138.11","140.50","143.59"
"Jun-21","140.89","138.11","137.41","143.59"
"Jun-21","140.90","138.11","136.48","143.59"
"Jun-21","141.24","138.11","136.98","143.59"
"Jun-21","141.51","138.11","137.73","143.59"
"Jun-21","141.95","138.11","145.91","143.59"
"Jun-21","142.20","138.11","146.55","143.59"
"Jun-21","142.58","138.11","145.42","143.59"
"Jun-21","143.00","138.11","144.04","143.59"
"Jun-21","143.06","138.11","144.79","143.59"
"Jun-21","143.65","138.11","147.20","143.59"
"Jun-21","144.01","138.11","149.51","143.59"
"Jun-21","143.61","138.11","159.02","143.59"
"Sep-21","144.84","148.62","162.45","153.85"
"Sep-21","145.16","148.62","160.61","153.85"
"Sep-21","145.10","148.62","157.35","153.85"
"Sep-21","145.06","148.62","157.12","153.85"
"Sep-21","145.42","148.62","157.01","153.85"
"Sep-21","145.66","148.62","156.96","153.85"
"Sep-21","145.72","148.62","162.82","153.85"
"Sep-21","146.07","148.62","159.83","153.85"
"Sep-21","146.11","148.62","156.45","153.85"
"Sep-21","146.10","148.62","153.23","153.85"
"Sep-21","145.97","148.62","153.19","153.85"
"Sep-21","146.41","148.62","152.73","153.85"
"Sep-21","146.31","148.62","151.02","153.85"
"Sep-21","146.45","148.62","155.64","153.85"
"Sep-21","146.52","148.62","153.12","153.85"
"Sep-21","146.70","148.62","150.64","153.85"
"Sep-21","146.67","148.62","147.37","153.85"
"Sep-21","146.29","148.62","145.62","153.85"
"Sep-21","146.64","148.62","144.48","153.85"
"Sep-21","146.89","148.62","143.82","153.85"
"Sep-21","147.27","148.62","152.44","153.85"
"Sep-21","147.21","148.62","150.94","153.85"
"Sep-21","147.28","148.62","148.88","153.85"
"Sep-21","146.96","148.62","146.37","153.85"
"Sep-21","146.89","148.62","147.60","153.85"
"Sep-21","147.52","148.62","147.76","153.85"
"Sep-21","147.52","148.62","147.97","153.85"
"Sep-21","147.42","148.62","159.09","153.85"
"Sep-21","147.47","148.62","157.75","153.85"
"Sep-21","147.39","148.62","155.20","153.85"
"Sep-21","146.21","148.62","152.93","153.85"
"Sep-21","147.27","148.62","151.96","153.85"
"Sep-21","147.61","148.62","149.99","153.85"
"Sep-21","147.70","148.62","148.79","153.85"
"Sep-21","147.79","148.62","157.87","153.85"
"Sep-21","147.97","148.62","155.94","153.85"
"Sep-21","147.96","148.62","153.78","153.85"
"Sep-21","147.72","148.62","151.18","153.85"
"Sep-21","147.52","148.62","152.41","153.85"
"Sep-21","147.99","148.62","154.61","153.85"
"Sep-21","148.28","148.62","155.07","153.85"
"Sep-21","148.33","148.62","163.59","153.85"
"Sep-21","148.47","148.62","160.96","153.85"
"Sep-21","148.39","148.62","156.89","153.85"
"Sep-21","148.37","148.62","153.24","153.85"
"Sep-21","148.14","148.62","151.33","153.85"
"Sep-21","148.47","148.62","151.74","153.85"
"Sep-21","148.53","148.62","150.52","153.85"
"Sep-21","148.45","148.62","158.13","153.85"
"Sep-21","148.62","148.62","155.74","153.85"
"Sep-21","148.65","148.62","153.05","153.85"
"Sep-21","148.66","148.62","149.49","153.85"
"Sep-21","148.55","148.62","149.00","153.85"
"Sep-21","148.76","148.62","150.50","153.85"
"Sep-21","148.76","148.62","149.24","153.85"
"Sep-21","148.82","148.62","157.11","153.85"
"Sep-21","148.96","148.62","153.77","153.85"
"Sep-21","148.98","148.62","150.68","153.85"
"Sep-21","148.85","148.62","147.40","153.85"
"Sep-21","148.84","148.62","146.23","153.85"
"Sep-21","149.04","148.62","144.92","153.85"
"Sep-21","148.90","148.62","145.68","153.85"
"Sep-21","150.18","148.62","152.29","153.85"
"Sep-21","150.15","148.62","150.24","153.85"
"Sep-21","150.15","148.62","148.66","153.85"
"Sep-21","150.12","148.62","146.68","153.85"
"Sep-21","149.91","148.62","147.66","153.85"
"Sep-21","150.32","148.62","148.51","153.85"
"Sep-21","150.33","148.62","148.96","153.85"
"Sep-21","150.44","148.62","159.15","153.85"
"Sep-21","150.30","148.62","158.84","153.85"
"Sep-21","150.53","148.62","157.59","153.85"
"Sep-21","150.29","148.62","155.78","153.85"
"Sep-21","150.23","148.62","155.91","153.85"
"Sep-21","150.46","148.62","157.56","153.85"
"Sep-21","150.62","148.62","157.34","153.85"
"Sep-21","150.66","148.62","164.77","153.85"
"Sep-21","151.02","148.62","162.29","153.85"
"Sep-21","150.85","148.62","160.72","153.85"
"Sep-21","150.86","148.62","157.92","153.85"
"Sep-21","150.71","148.62","156.53","153.85"
"Sep-21","151.11","148.62","157.71","153.85"
"Sep-21","151.29","148.62","154.99","153.85"
"Sep-21","151.64","148.62","164.26","153.85"
"Sep-21","152.16","148.62","162.89","153.85"
"Sep-21","152.41","148.62","159.76","153.85"
"Sep-21","152.37","148.62","156.44","153.85"
"Sep-21","152.46","148.62","154.98","153.85"
"Sep-21","152.76","148.62","154.12","153.85"
"Sep-21","153.07","148.62","152.28","153.85"
"Sep-21","153.34","148.62","155.77","153.85"
"Sep-21","153.47","148.62","154.14","153.85"
"Dec-21","154.13","163.70","152.25","164.21"
"Dec-21","154.34","163.70","150.85","164.21"
"Dec-21","154.61","163.70","150.61","164.21"
"Dec-21","154.78","163.70","149.45","164.21"
"Dec-21","155.54","163.70","148.87","164.21"
"Dec-21","156.31","163.70","158.38","164.21"
"Dec-21","157.14","163.70","159.22","164.21"
"Dec-21","157.65","163.70","160.44","164.21"
"Dec-21","158.23","163.70","161.95","164.21"
"Dec-21","158.16","163.70","161.21","164.21"
"Dec-21","158.55","163.70","160.73","164.21"
"Dec-21","159.19","163.70","161.02","164.21"
"Dec-21","160.25","163.70","162.48","164.21"
"Dec-21","160.65","163.70","164.06","164.21"
"Dec-21","160.86","163.70","165.44","164.21"
"Dec-21","161.28","163.70","165.03","164.21"
"Dec-21","161.76","163.70","166.09","164.21"
"Dec-21","161.97","163.70","167.87","164.21"
"Dec-21","161.97","163.70","167.33","164.21"
"Dec-21","163.13","163.70","174.41","164.21"
"Dec-21","163.92","163.70","174.89","164.21"
"Dec-21","164.59","163.70","174.79","164.21"
"Dec-21","165.03","163.70","174.07","164.21"
"Dec-21","164.98","163.70","174.12","164.21"
"Dec-21","165.29","163.70","173.82","164.21"
"Dec-21","165.28","163.70","172.54","164.21"
"Dec-21","165.46","163.70","171.12","164.21"
"Dec-21","165.66","163.70","169.88","164.21"
"Dec-21","165.59","163.70","168.59","164.21"
"Dec-21","166.07","163.70","167.43","164.21"
"Dec-21","165.81","163.70","166.60","164.21"
"Dec-21","166.05","163.70","165.78","164.21"
"Dec-21","166.26","163.70","164.50","164.21"
"Dec-21","166.13","163.70","170.44","164.21"
"Dec-21","166.10","163.70","168.77","164.21"
"Dec-21","166.38","163.70","167.92","164.21"
"Dec-21","166.48","163.70","167.42","164.21"
"Dec-21","166.34","163.70","167.56","164.21"
"Dec-21","166.34","163.70","166.50","164.21"
"Dec-21","166.49","163.70","166.71","164.21"
"Dec-21","166.47","163.70","166.26","164.21"
"Dec-21","166.42","163.70","165.12","164.21"
"Dec-21","166.44","163.70","164.35","164.21"
"Dec-21","166.89","163.70","163.18","164.21"
"Dec-21","166.54","163.70","162.36","164.21"
"Dec-21","166.75","163.70","162.01","164.21"
"Dec-21","166.71","163.70","161.76","164.21"
"Dec-21","166.59","163.70","170.88","164.21"
"Dec-21","166.70","163.70","170.68","164.21"
"Dec-21","166.58","163.70","169.94","164.21"
"Dec-21","166.40","163.70","169.93","164.21"
"Dec-21","166.70","163.70","171.65","164.21"
"Dec-21","166.39","163.70","172.78","164.21"
"Dec-21","166.27","163.70","174.03","164.21"
"Dec-21","166.25","163.70","176.83","164.21"
"Dec-21","166.43","163.70","176.19","164.21"
"Dec-21","166.28","163.70","174.34","164.21"
"Dec-21","166.24","163.70","171.87","164.21"
"Dec-21","166.27","163.70","170.44","164.21"
"Dec-21","166.13","163.70","169.75","164.21"
"Dec-21","165.22","163.70","166.76","164.21"
"Dec-21","164.24","163.70","172.84","164.21"
"Dec-21","164.81","163.70","170.95","164.21"
"Dec-21","164.45","163.70","168.30","164.21"
"Dec-21","164.50","163.70","166.51","164.21"
"Dec-21","164.75","163.70","165.82","164.21"
"Dec-21","164.42","163.70","164.46","164.21"
"Dec-21","164.20","163.70","162.58","164.21"
"Dec-21","163.45","163.70","161.66","164.21"
"Dec-21","163.39","163.70","158.86","164.21"
"Dec-21","163.81","163.70","157.11","164.21"
"Dec-21","164.03","163.70","155.44","164.21"
"Dec-21","164.48","163.70","156.73","164.21"
"Dec-21","163.75","163.70","157.19","164.21"
"Dec-21","163.46","163.70","156.17","164.21"
"Dec-21","163.42","163.70","162.76","164.21"
"Dec-21","163.21","163.70","161.80","164.21"
"Dec-21","163.77","163.70","160.59","164.21"
"Dec-21","163.87","163.70","159.82","164.21"
"Dec-21","164.10","163.70","158.88","164.21"
"Dec-21","163.67","163.70","159.06","164.21"
"Dec-21","163.58","163.70","159.13","164.21"
"Dec-21","163.38","163.70","157.82","164.21"
"Dec-21","163.52","163.70","155.99","164.21"
"Dec-21","164.09","163.70","155.80","164.21"
"Dec-21","163.51","163.70","154.02","164.21"
"Dec-21","163.64","163.70","153.73","164.21"
"Dec-21","164.08","163.70","151.95","164.21"
"Dec-21","163.92","163.70","151.16","164.21"
"Dec-21","163.49","163.70","157.91","164.21"
"Dec-21","163.84","163.70","159.76","164.21"
"Dec-21","164.13","163.70","160.05","164.21"
"Mar-22","164.25","186.59","163.20","183.32"
"Mar-22","164.13","186.59","163.97","183.32"
"Mar-22","164.26","186.59","163.92","183.32"
"Mar-22","164.48","186.59","163.21","183.32"
"Mar-22","164.36","186.59","162.01","183.32"
"Mar-22","164.46","186.59","161.51","183.32"
"Mar-22","164.75","186.59","162.61","183.32"
"Mar-22","164.74","186.59","162.27","183.32"
"Mar-22","164.82","186.59","163.38","183.32"
"Mar-22","164.96","186.59","164.52","183.32"
"Mar-22","164.95","186.59","164.73","183.32"
"Mar-22","165.20","186.59","173.18","183.32"
"Mar-22","165.39","186.59","173.86","183.32"
"Mar-22","165.77","186.59","173.81","183.32"
"Mar-22","166.14","186.59","171.80","183.32"
"Mar-22","166.16","186.59","171.70","183.32"
"Mar-22","166.51","186.59","172.08","183.32"
"Mar-22","166.89","186.59","172.04","183.32"
"Mar-22","167.74","186.59","172.24","183.32"
"Mar-22","168.39","186.59","171.85","183.32"
"Mar-22","168.80","186.59","170.73","183.32"
"Mar-22","168.96","186.59","167.80","183.32"
"Mar-22","169.27","186.59","167.47","183.32"
"Mar-22","169.38","186.59","167.39","183.32"
"Mar-22","169.74","186.59","166.91","183.32"
"Mar-22","169.76","186.59","171.96","183.32"
"Mar-22","170.07","186.59","171.44","183.32"
"Mar-22","170.35","186.59","170.08","183.32"
"Mar-22","170.95","186.59","168.63","183.32"
"Mar-22","170.83","186.59","168.43","183.32"
"Mar-22","170.91","186.59","167.12","183.32"
"Mar-22","172.55","186.59","170.22","183.32"
"Mar-22","173.42","186.59","170.70","183.32"
"Mar-22","174.12","186.59","173.66","183.32"
"Mar-22","175.21","186.59","175.16","183.32"
"Mar-22","175.46","186.59","175.31","183.32"
"Mar-22","175.63","186.59","175.52","183.32"
"Mar-22","176.33","186.59","175.93","183.32"
"Mar-22","177.32","186.59","176.66","183.32"
"Mar-22","178.24","186.59","182.55","183.32"
"Mar-22","178.97","186.59","183.75","183.32"
"Mar-22","179.14","186.59","183.44","183.32"
"Mar-22","179.46","186.59","182.90","183.32"
"Mar-22","179.67","186.59","183.28","183.32"
"Mar-22","180.05","186.59","183.29","183.32"
"Mar-22","180.64","186.59","182.85","183.32"
"Mar-22","181.16","186.59","182.15","183.32"
"Mar-22","181.75","186.59","181.57","183.32"
"Mar-22","182.01","186.59","180.59","183.32"
"Mar-22","182.19","186.59","179.16","183.32"
"Mar-22","182.53","186.59","178.64","183.32"
"Mar-22","182.93","186.59","179.17","183.32"
"Mar-22","183.08","186.59","177.96","183.32"
"Mar-22","183.21","186.59","182.33","183.32"
"Mar-22","183.43","186.59","183.03","183.32"
"Mar-22","183.68","186.59","184.35","183.32"
"Mar-22","183.87","186.59","184.39","183.32"
"Mar-22","183.96","186.59","184.42","183.32"
"Mar-22","183.80","186.59","185.52","183.32"
"Mar-22","184.48","186.59","184.72","183.32"
"Mar-22","184.88","186.59","186.20","183.32"
"Mar-22","185.92","186.59","186.18","183.32"
"Mar-22","187.84","186.59","185.22","183.32"
"Mar-22","188.63","186.59","184.92","183.32"
"Mar-22","188.97","186.59","185.32","183.32"
"Mar-22","190.74","186.59","185.84","183.32"
"Mar-22","194.08","186.59","187.28","183.32"
"Mar-22","199.80","186.59","196.93","183.32"
"Mar-22","210.26","186.59","204.35","183.32"
"Mar-22","218.71","186.59","210.39","183.32"
"Mar-22","221.23","186.59","212.58","183.32"
"Mar-22","221.82","186.59","213.79","183.32"
"Mar-22","223.21","186.59","215.88","183.32"
"Mar-22","224.00","186.59","216.91","183.32"
"Mar-22","225.20","186.59","216.24","183.32"
"Mar-22","225.60","186.59","215.01","183.32"
"Mar-22","224.84","186.59","213.22","183.32"
"Mar-22","224.16","186.59","211.34","183.32"
"Mar-22","223.77","186.59","210.05","183.32"
"Mar-22","223.80","186.59","209.41","183.32"
"Mar-22","222.92","186.59","206.63","183.32"
"Mar-22","222.78","186.59","209.80","183.32"
"Mar-22","222.36","186.59","207.86","183.32"
"Mar-22","222.14","186.59","206.11","183.32"
"Mar-22","221.82","186.59","204.09","183.32"
"Mar-22","221.67","186.59","203.00","183.32"
"Mar-22","222.12","186.59","201.46","183.32"
"Mar-22","221.96","186.59","199.95","183.32"
"Mar-22","218.43","186.59","194.59","183.32"
"Mar-22","213.32","186.59","188.98","183.32"
"Jun-22","210.11","207.77","184.72","189.34"
"Jun-22","208.00","207.77","181.45","189.34"
"Jun-22","206.86","207.77","179.13","189.34"
"Jun-22","204.19","207.77","175.55","189.34"
"Jun-22","200.38","207.77","170.41","189.34"
"Jun-22","198.02","207.77","171.89","189.34"
"Jun-22","195.94","207.77","170.12","189.34"
"Jun-22","194.71","207.77","168.26","189.34"
"Jun-22","194.04","207.77","166.72","189.34"
"Jun-22","193.92","207.77","165.77","189.34"
"Jun-22","192.73","207.77","164.72","189.34"
"Jun-22","192.24","207.77","163.34","189.34"
"Jun-22","191.10","207.77","162.00","189.34"
"Jun-22","190.46","207.77","160.66","189.34"
"Jun-22","189.81","207.77","159.53","189.34"
"Jun-22","189.63","207.77","158.95","189.34"
"Jun-22","189.47","207.77","158.57","189.34"
"Jun-22","189.40","207.77","158.22","189.34"
"Jun-22","189.69","207.77","158.19","189.34"
"Jun-22","191.42","207.77","165.78","189.34"
"Jun-22","192.70","207.77","172.19","189.34"
"Jun-22","195.03","207.77","175.96","189.34"
"Jun-22","195.32","207.77","176.79","189.34"
"Jun-22","195.86","207.77","177.99","189.34"
"Jun-22","196.11","207.77","179.14","189.34"
"Jun-22","196.71","207.77","179.81","189.34"
"Jun-22","196.94","207.77","179.69","189.34"
"Jun-22","197.22","207.77","179.43","189.34"
"Jun-22","197.41","207.77","178.27","189.34"
"Jun-22","197.18","207.77","177.58","189.34"
"Jun-22","197.65","207.77","178.48","189.34"
"Jun-22","197.77","207.77","178.36","189.34"
"Jun-22","199.49","207.77","179.21","189.34"
"Jun-22","200.67","207.77","182.80","189.34"
"Jun-22","202.45","207.77","180.19","189.34"
"Jun-22","204.64","207.77","179.61","189.34"
"Jun-22","205.01","207.77","181.36","189.34"
"Jun-22","205.37","207.77","182.75","189.34"
"Jun-22","206.47","207.77","183.56","189.34"
"Jun-22","207.88","207.77","183.70","189.34"
"Jun-22","208.54","207.77","184.31","189.34"
"Jun-22","208.88","207.77","184.70","189.34"
"Jun-22","209.23","207.77","186.07","189.34"
"Jun-22","209.25","207.77","188.09","189.34"
"Jun-22","209.36","207.77","190.94","189.34"
"Jun-22","209.62","207.77","193.55","189.34"
"Jun-22","209.43","207.77","195.69","189.34"
"Jun-22","209.56","207.77","202.28","189.34"
"Jun-22","209.51","207.77","204.10","189.34"
"Jun-22","209.38","207.77","204.88","189.34"
"Jun-22","209.29","207.77","205.83","189.34"
"Jun-22","209.31","207.77","206.57","189.34"
"Jun-22","209.01","207.77","205.57","189.34"
"Jun-22","208.81","207.77","202.92","189.34"
"Jun-22","208.43","207.77","200.39","189.34"
"Jun-22","207.87","207.77","198.86","189.34"
"Jun-22","207.26","207.77","197.34","189.34"
"Jun-22","207.09","207.77","195.82","189.34"
"Jun-22","207.06","207.77","195.34","189.34"
"Jun-22","206.57","207.77","195.12","189.34"
"Jun-22","206.25","207.77","195.02","189.34"
"Jun-22","206.23","207.77","197.56","189.34"
"Jun-22","206.53","207.77","197.36","189.34"
"Jun-22","207.75","207.77","196.62","189.34"
"Jun-22","208.23","207.77","198.14","189.34"
"Jun-22","208.35","207.77","200.95","189.34"
"Jun-22","208.81","207.77","201.94","189.34"
"Jun-22","210.16","207.77","202.13","189.34"
"Jun-22","210.74","207.77","201.14","189.34"
"Jun-22","212.47","207.77","200.52","189.34"
"Jun-22","213.64","207.77","199.72","189.34"
"Jun-22","214.53","207.77","199.23","189.34"
"Jun-22","214.87","207.77","199.61","189.34"
"Jun-22","215.58","207.77","199.99","189.34"
"Jun-22","217.23","207.77","200.53","189.34"
"Jun-22","218.58","207.77","205.72","189.34"
"Jun-22","221.18","207.77","208.51","189.34"
"Jun-22","223.25","207.77","210.91","189.34"
"Jun-22","224.43","207.77","214.02","189.34"
"Jun-22","224.96","207.77","215.60","189.34"
"Jun-22","226.62","207.77","216.08","189.34"
"Jun-22","228.70","207.77","214.06","189.34"
"Jun-22","229.84","207.77","212.38","189.34"
"Jun-22","232.19","207.77","211.04","189.34"
"Jun-22","233.36","207.77","209.67","189.34"
"Jun-22","233.76","207.77","208.68","189.34"
"Jun-22","234.15","207.77","207.77","189.34"
"Jun-22","234.76","207.77","207.43","189.34"
"Jun-22","235.10","207.77","206.25","189.34"
"Jun-22","235.55","207.77","211.20","189.34"
"Jun-22","235.92","207.77","211.24","189.34"
"Sep-22","236.09","212.07","211.40","179.14"
"Sep-22","235.92","212.07","211.69","179.14"
"Sep-22","235.87","212.07","213.91","179.14"
"Sep-22","235.99","212.07","215.15","179.14"
"Sep-22","235.69","212.07","215.21","179.14"
"Sep-22","235.53","212.07","216.14","179.14"
"Sep-22","234.94","212.07","213.67","179.14"
"Sep-22","234.45","212.07","210.31","179.14"
"Sep-22","233.89","212.07","207.02","179.14"
"Sep-22","233.86","212.07","205.52","179.14"
"Sep-22","233.50","212.07","204.30","179.14"
"Sep-22","232.70","212.07","202.01","179.14"
"Sep-22","231.83","212.07","204.24","179.14"
"Sep-22","230.95","212.07","202.11","179.14"
"Sep-22","230.17","212.07","199.34","179.14"
"Sep-22","229.51","212.07","196.69","179.14"
"Sep-22","229.19","212.07","194.17","179.14"
"Sep-22","228.66","212.07","191.68","179.14"
"Sep-22","227.50","212.07","189.00","179.14"
"Sep-22","226.60","212.07","189.34","179.14"
"Sep-22","225.32","212.07","188.03","179.14"
"Sep-22","224.02","212.07","187.46","179.14"
"Sep-22","222.98","212.07","185.11","179.14"
"Sep-22","222.84","212.07","183.43","179.14"
"Sep-22","221.75","212.07","180.39","179.14"
"Sep-22","220.21","212.07","176.65","179.14"
"Sep-22","219.12","212.07","179.33","179.14"
"Sep-22","217.70","212.07","177.04","179.14"
"Sep-22","216.41","212.07","174.56","179.14"
"Sep-22","215.58","212.07","171.90","179.14"
"Sep-22","214.64","212.07","169.61","179.14"
"Sep-22","214.83","212.07","170.69","179.14"
"Sep-22","213.87","212.07","168.96","179.14"
"Sep-22","212.68","212.07","173.17","179.14"
"Sep-22","211.96","212.07","171.90","179.14"
"Sep-22","210.68","212.07","169.74","179.14"
"Sep-22","209.39","212.07","167.42","179.14"
"Sep-22","209.25","212.07","166.63","179.14"
"Sep-22","208.72","212.07","165.61","179.14"
"Sep-22","207.54","212.07","163.75","179.14"
"Sep-22","205.94","212.07","169.18","179.14"
"Sep-22","204.63","212.07","167.78","179.14"
"Sep-22","203.44","212.07","166.13","179.14"
"Sep-22","201.90","212.07","165.32","179.14"
"Sep-22","201.82","212.07","166.43","179.14"
"Sep-22","201.60","212.07","167.86","179.14"
"Sep-22","200.32","212.07","168.51","179.14"
"Sep-22","199.10","212.07","173.25","179.14"
"Sep-22","198.38","212.07","173.84","179.14"
"Sep-22","197.79","212.07","172.81","179.14"
"Sep-22","196.88","212.07","173.01","179.14"
"Sep-22","196.75","212.07","173.52","179.14"
"Sep-22","196.62","212.07","175.49","179.14"
"Sep-22","196.31","212.07","174.81","179.14"
"Sep-22","196.35","212.07","181.97","179.14"
"Sep-22","197.04","212.07","180.64","179.14"
"Sep-22","198.04","212.07","178.79","179.14"
"Sep-22","198.74","212.07","176.55","179.14"
"Sep-22","199.13","212.07","176.47","179.14"
"Sep-22","201.27","212.07","178.30","179.14"
"Sep-22","202.63","212.07","175.87","179.14"
"Sep-22","203.83","212.07","173.82","179.14"
"Sep-22","205.20","212.07","171.27","179.14"
"Sep-22","205.88","212.07","168.22","179.14"
"Sep-22","205.88","212.07","166.01","179.14"
"Sep-22","206.07","212.07","164.83","179.14"
"Sep-22","206.26","212.07","163.10","179.14"
"Sep-22","206.01","212.07","160.42","179.14"
"Sep-22","205.99","212.07","163.88","179.14"
"Sep-22","205.63","212.07","162.28","179.14"
"Sep-22","205.38","212.07","161.01","179.14"
"Sep-22","205.14","212.07","160.14","179.14"
"Sep-22","205.00","212.07","160.07","179.14"
"Sep-22","205.00","212.07","160.13","179.14"
"Sep-22","205.07","212.07","160.96","179.14"
"Sep-22","205.00","212.07","164.15","179.14"
"Sep-22","204.79","212.07","164.38","179.14"
"Sep-22","204.78","212.07","163.50","179.14"
"Sep-22","204.37","212.07","163.33","179.14"
"Sep-22","204.47","212.07","164.06","179.14"
"Sep-22","204.26","212.07","166.36","179.14"
"Sep-22","203.78","212.07","166.81","179.14"
"Sep-22","203.53","212.07","174.96","179.14"
"Sep-22","203.13","212.07","176.87","179.14"
"Sep-22","203.01","212.07","177.61","179.14"
"Sep-22","202.78","212.07","178.71","179.14"
"Sep-22","202.66","212.07","182.98","179.14"
"Sep-22","203.13","212.07","184.44","179.14"
"Sep-22","203.29","212.07","182.70","179.14"
"Sep-22","203.61","212.07","184.12","179.14"
"Sep-22","204.94","212.07","184.47","179.14"
"Sep-22","205.97","212.07","184.48","179.14"
"Dec-22","207.55","223.87","183.15","182.72"
"Dec-22","207.55","223.87","182.80","182.72"
"Dec-22","208.37","223.87","182.81","182.72"
"Dec-22","208.42","223.87","182.18","182.72"
"Dec-22","209.48","223.87","186.14","182.72"
"Dec-22","210.53","223.87","184.69","182.72"
"Dec-22","211.88","223.87","183.52","182.72"
"Dec-22","212.90","223.87","182.22","182.72"
"Dec-22","213.42","223.87","180.56","182.72"
"Dec-22","215.53","223.87","178.71","182.72"
"Dec-22","218.23","223.87","176.07","182.72"
"Dec-22","221.44","223.87","176.39","182.72"
"Dec-22","224.75","223.87","176.36","182.72"
"Dec-22","227.47","223.87","176.46","182.72"
"Dec-22","229.04","223.87","178.27","182.72"
"Dec-22","230.05","223.87","179.65","182.72"
"Dec-22","231.60","223.87","179.50","182.72"
"Dec-22","233.12","223.87","178.90","182.72"
"Dec-22","234.54","223.87","182.86","182.72"
"Dec-22","235.44","223.87","181.53","182.72"
"Dec-22","236.01","223.87","181.23","182.72"
"Dec-22","236.08","223.87","180.67","182.72"
"Dec-22","236.14","223.87","179.99","182.72"
"Dec-22","236.55","223.87","181.22","182.72"
"Dec-22","236.62","223.87","184.71","182.72"
"Dec-22","236.66","223.87","188.99","182.72"
"Dec-22","236.60","223.87","187.24","182.72"
"Dec-22","235.19","223.87","186.43","182.72"
"Dec-22","235.11","223.87","186.01","182.72"
"Dec-22","235.08","223.87","186.47","182.72"
"Dec-22","234.51","223.87","186.52","182.72"
"Dec-22","236.22","223.87","188.25","182.72"
"Dec-22","236.09","223.87","197.07","182.72"
"Dec-22","235.51","223.87","197.32","182.72"
"Dec-22","235.52","223.87","197.24","182.72"
"Dec-22","235.36","223.87","197.53","182.72"
"Dec-22","235.21","223.87","195.69","182.72"
"Dec-22","235.28","223.87","196.53","182.72"
"Dec-22","235.32","223.87","197.18","182.72"
"Dec-22","235.06","223.87","201.76","182.72"
"Dec-22","234.85","223.87","200.89","182.72"
"Dec-22","234.58","223.87","198.22","182.72"
"Dec-22","234.50","223.87","195.50","182.72"
"Dec-22","234.42","223.87","194.50","182.72"
"Dec-22","234.36","223.87","193.68","182.72"
"Dec-22","234.28","223.87","192.19","182.72"
"Dec-22","233.82","223.87","195.33","182.72"
"Dec-22","233.32","223.87","192.97","182.72"
"Dec-22","232.73","223.87","190.21","182.72"
"Dec-22","232.27","223.87","187.26","182.72"
"Dec-22","232.06","223.87","185.59","182.72"
"Dec-22","231.69","223.87","185.05","182.72"
"Dec-22","231.06","223.87","183.92","182.72"
"Dec-22","230.18","223.87","187.24","182.72"
"Dec-22","229.49","223.87","186.36","182.72"
"Dec-22","228.31","223.87","185.44","182.72"
"Dec-22","227.63","223.87","184.37","182.72"
"Dec-22","227.35","223.87","184.05","182.72"
"Dec-22","227.14","223.87","182.35","182.72"
"Dec-22","226.57","223.87","179.18","182.72"
"Dec-22","226.89","223.87","179.92","182.72"
"Dec-22","224.61","223.87","179.00","182.72"
"Dec-22","223.50","223.87","176.35","182.72"
"Dec-22","222.13","223.87","175.03","182.72"
"Dec-22","221.87","223.87","173.24","182.72"
"Dec-22","221.27","223.87","172.07","182.72"
"Dec-22","220.53","223.87","170.96","182.72"
"Dec-22","219.18","223.87","175.26","182.72"
"Dec-22","218.43","223.87","173.20","182.72"
"Dec-22","217.39","223.87","172.15","182.72"
"Dec-22","216.30","223.87","173.16","182.72"
"Dec-22","216.02","223.87","173.74","182.72"
"Dec-22","215.85","223.87","173.50","182.72"
"Dec-22","214.58","223.87","172.40","182.72"
"Dec-22","213.46","223.87","176.96","182.72"
"Dec-22","212.26","223.87","174.82","182.72"
"Dec-22","211.05","223.87","172.71","182.72"
"Dec-22","210.50","223.87","170.73","182.72"
"Dec-22","210.16","223.87","170.25","182.72"
"Dec-22","210.28","223.87","170.22","182.72"
"Dec-22","210.09","223.87","170.15","182.72"
"Dec-22","210.01","223.87","177.37","182.72"
"Dec-22","209.96","223.87","177.40","182.72"
"Dec-22","209.87","223.87","175.31","182.72"
"Dec-22","209.45","223.87","174.66","182.72"
"Dec-22","209.08","223.87","174.17","182.72"
"Dec-22","209.29","223.87","175.43","182.72"
"Dec-22","209.79","223.87","177.10","182.72"
"Dec-22","209.44","223.87","185.42","182.72"
"Dec-22","209.19","223.87","184.02","182.72"
"Dec-22","209.27","223.87","184.33","182.72"
"Dec-22","208.22","223.87","184.23","182.72"
"Mar-23","209.15","200.68","185.81","182.43"
"Mar-23","209.11","200.68","184.59","182.43"
"Mar-23","209.80","200.68","184.78","182.43"
"Mar-23","209.54","200.68","189.59","182.43"
"Mar-23","209.59","200.68","187.09","182.43"
"Mar-23","209.57","200.68","184.49","182.43"
"Mar-23","209.06","200.68","182.23","182.43"
"Mar-23","208.89","200.68","180.53","182.43"
"Mar-23","209.10","200.68","180.06","182.43"
"Mar-23","207.89","200.68","177.73","182.43"
"Mar-23","206.91","200.68","181.83","182.43"
"Mar-23","205.61","200.68","179.39","182.43"
"Mar-23","204.98","200.68","176.63","182.43"
"Mar-23","204.30","200.68","174.23","182.43"
"Mar-23","203.97","200.68","173.93","182.43"
"Mar-23","204.15","200.68","174.50","182.43"
"Mar-23","203.64","200.68","173.39","182.43"
"Mar-23","203.02","200.68","179.86","182.43"
"Mar-23","202.57","200.68","178.42","182.43"
"Mar-23","202.30","200.68","176.34","182.43"
"Mar-23","201.94","200.68","174.56","182.43"
"Mar-23","201.78","200.68","173.39","182.43"
"Mar-23","201.82","200.68","172.25","182.43"
"Mar-23","201.97","200.68","171.74","182.43"
"Mar-23","202.15","200.68","177.63","182.43"
"Mar-23","202.43","200.68","176.54","182.43"
"Mar-23","203.28","200.68","176.96","182.43"
"Mar-23","203.16","200.68","178.48","182.43"
"Mar-23","203.28","200.68","179.58","182.43"
"Mar-23","203.54","200.68","179.86","182.43"
"Mar-23","203.11","200.68","180.23","182.43"
"Mar-23","204.99","200.68","184.06","182.43"
"Mar-23","204.92","200.68","182.67","182.43"
"Mar-23","204.26","200.68","181.50","182.43"
"Mar-23","204.11","200.68","179.70","182.43"
"Mar-23","204.08","200.68","179.37","182.43"
"Mar-23","203.78","200.68","179.36","182.43"
"Mar-23","203.65","200.68","179.33","182.43"
"Mar-23","202.90","200.68","181.68","182.43"
"Mar-23","202.44","200.68","181.63","182.43"
"Mar-23","201.77","200.68","179.82","182.43"
"Mar-23","201.77","200.68","181.83","182.43"
"Mar-23","201.92","200.68","181.62","182.43"
"Mar-23","201.46","200.68","183.73","182.43"
"Mar-23","201.06","200.68","186.31","182.43"
"Mar-23","200.83","200.68","193.16","182.43"
"Mar-23","200.62","200.68","194.98","182.43"
"Mar-23","200.31","200.68","194.18","182.43"
"Mar-23","200.24","200.68","193.35","182.43"
"Mar-23","200.00","200.68","192.19","182.43"
"Mar-23","200.07","200.68","191.25","182.43"
"Mar-23","199.75","200.68","190.66","182.43"
"Mar-23","199.55","200.68","191.80","182.43"
"Mar-23","199.08","200.68","190.36","182.43"
"Mar-23","198.64","200.68","188.05","182.43"
"Mar-23","198.85","200.68","186.20","182.43"
"Mar-23","198.88","200.68","186.24","182.43"
"Mar-23","198.40","200.68","186.40","182.43"
"Mar-23","198.32","200.68","185.63","182.43"
"Mar-23","195.97","200.68","188.13","182.43"
"Mar-23","195.82","200.68","185.17","182.43"
"Mar-23","195.86","200.68","182.48","182.43"
"Mar-23","195.41","200.68","180.96","182.43"
"Mar-23","195.42","200.68","180.72","182.43"
"Mar-23","195.76","200.68","181.40","182.43"
"Mar-23","195.70","200.68","181.42","182.43"
"Mar-23","195.83","200.68","186.19","182.43"
"Mar-23","195.87","200.68","186.07","182.43"
"Mar-23","196.08","200.68","185.09","182.43"
"Mar-23","196.17","200.68","183.89","182.43"
"Mar-23","196.26","200.68","183.27","182.43"
"Mar-23","196.44","200.68","182.61","182.43"
"Mar-23","196.66","200.68","182.23","182.43"
"Mar-23","196.41","200.68","186.39","182.43"
"Mar-23","196.30","200.68","183.81","182.43"
"Mar-23","196.08","200.68","181.13","182.43"
"Mar-23","195.91","200.68","179.58","182.43"
"Mar-23","195.78","200.68","179.18","182.43"
"Mar-23","195.60","200.68","178.80","182.43"
"Mar-23","195.52","200.68","177.99","182.43"
"Mar-23","195.18","200.68","182.92","182.43"
"Mar-23","195.19","200.68","181.58","182.43"
"Mar-23","195.22","200.68","179.60","182.43"
"Mar-23","194.91","200.68","178.62","182.43"
"Mar-23","194.86","200.68","179.10","182.43"
"Mar-23","194.81","200.68","182.03","182.43"
"Mar-23","194.65","200.68","183.98","182.43"
"Mar-23","194.65","200.68","188.91","182.43"
"Mar-23","194.38","200.68","186.69","182.43"
"Mar-23","193.82","200.68","184.77","182.43"

"Source: Australian Bureau of Statistics, Consumer Price Index, Australia March Quarter 2023"